{
  "-1" : {
    "transaction" : "-1",
    "sampleCount" : 10,
    "errorCount" : 0,
    "errorPct" : 0.0,
    "meanResTime" : 703.4,
    "medianResTime" : 709.0,
    "minResTime" : 666.0,
    "maxResTime" : 749.0,
    "pct1ResTime" : 747.7,
    "pct2ResTime" : 749.0,
    "pct3ResTime" : 749.0,
    "throughput" : 8.474576271186441,
    "receivedKBytesPerSec" : 2.3967161016949152,
    "sentKBytesPerSec" : 3.9228019067796613
  },
  "-2" : {
    "transaction" : "-2",
    "sampleCount" : 10,
    "errorCount" : 0,
    "errorPct" : 0.0,
    "meanResTime" : 1226.3,
    "medianResTime" : 1309.0,
    "minResTime" : 855.0,
    "maxResTime" : 1506.0,
    "pct1ResTime" : 1496.7,
    "pct2ResTime" : 1506.0,
    "pct3ResTime" : 1506.0,
    "throughput" : 5.970149253731344,
    "receivedKBytesPerSec" : 1.535097947761194,
    "sentKBytesPerSec" : 2.763526119402985
  },
  "-3" : {
    "transaction" : "-3",
    "sampleCount" : 10,
    "errorCount" : 0,
    "errorPct" : 0.0,
    "meanResTime" : 795.4,
    "medianResTime" : 817.5,
    "minResTime" : 614.0,
    "maxResTime" : 976.0,
    "pct1ResTime" : 969.7,
    "pct2ResTime" : 976.0,
    "pct3ResTime" : 976.0,
    "throughput" : 6.626905235255135,
    "receivedKBytesPerSec" : 2.5109758117958916,
    "sentKBytesPerSec" : 3.184020874751491
  },
  "Total" : {
    "transaction" : "Total",
    "sampleCount" : 60,
    "errorCount" : 10,
    "errorPct" : 16.666666,
    "meanResTime" : 845.6999999999999,
    "medianResTime" : 767.5,
    "minResTime" : 442.0,
    "maxResTime" : 1506.0,
    "pct1ResTime" : 1244.8999999999999,
    "pct2ResTime" : 1389.95,
    "pct3ResTime" : 1506.0,
    "throughput" : 10.804970286331713,
    "receivedKBytesPerSec" : 2.947273714658743,
    "sentKBytesPerSec" : 5.033174635332253
  },
  "-4" : {
    "transaction" : "-4",
    "sampleCount" : 10,
    "errorCount" : 0,
    "errorPct" : 0.0,
    "meanResTime" : 779.2,
    "medianResTime" : 696.0,
    "minResTime" : 670.0,
    "maxResTime" : 1125.0,
    "pct1ResTime" : 1120.3,
    "pct2ResTime" : 1125.0,
    "pct3ResTime" : 1125.0,
    "throughput" : 6.305170239596469,
    "receivedKBytesPerSec" : 1.6932830233291298,
    "sentKBytesPerSec" : 2.869345050441362
  },
  "-5" : {
    "transaction" : "-5",
    "sampleCount" : 10,
    "errorCount" : 10,
    "errorPct" : 100.0,
    "meanResTime" : 603.2,
    "medianResTime" : 602.5,
    "minResTime" : 442.0,
    "maxResTime" : 857.0,
    "pct1ResTime" : 841.5,
    "pct2ResTime" : 857.0,
    "pct3ResTime" : 857.0,
    "throughput" : 9.40733772342427,
    "receivedKBytesPerSec" : 2.103789393226717,
    "sentKBytesPerSec" : 4.345381585136407
  },
  "-6" : {
    "transaction" : "-6",
    "sampleCount" : 10,
    "errorCount" : 0,
    "errorPct" : 0.0,
    "meanResTime" : 966.7,
    "medianResTime" : 948.0,
    "minResTime" : 887.0,
    "maxResTime" : 1085.0,
    "pct1ResTime" : 1080.9,
    "pct2ResTime" : 1085.0,
    "pct3ResTime" : 1085.0,
    "throughput" : 7.022471910112359,
    "receivedKBytesPerSec" : 1.5841709094101124,
    "sentKBytesPerSec" : 3.312357356039326
  }
}